measurement,n,mean,sd,median,q1,q3,min,max
case_id,21,11.0,6.2048368229954285,11.0,6.0,16.0,1.0,21.0
CQS_overall,21,6.286886329098993,0.8540631694420633,6.336048346271126,5.596339263911995,6.6276184368807245,5.036565929491982,7.809748954171003
available_weight,21,1.0,0.0,1.0,1.0,1.0,1.0,1.0
occlusal_average_matching_score_pct,21,69.11113214577712,6.38339211992841,71.34349222496442,64.18411107568937,74.60604994140965,58.142710970110656,75.69163641415449
proximal_average_matching_score_pct,21,74.50346239680549,10.10805673957754,79.42505873061798,75.01565809410467,80.41939266233662,50.374219804456416,83.21925204255533
OcclusalDepthMedian_mm,21,1.8127735040301098,0.4239849019131786,1.8285708322972667,1.6043227220339042,2.008071820826176,0.7311052239980375,2.7741654884693823
GingivalFromPulpalMedian_mm,21,1.3216851381194243,0.7510794214592899,1.4740884119967723,0.8210352917547801,1.6407093925148482,-0.2071397896966309,3.216480757321321
ratio_isthmus_to_intercuspal,21,0.21037619015755674,0.07793428701805317,0.2018260377314918,0.1764366745556272,0.2218830658658206,0.0620038885705907,0.406609724383272
OcclusalFloorResidualRMS_mm,21,0.14281464434941785,0.09705861133760182,0.1132521660536713,0.0736797457323886,0.165102616161343,0.0594061105730165,0.4378900112749739
ProximalFloorResidualRMS_mm,21,0.13370410983490752,0.06646545461356324,0.1183580344212928,0.0958778594548743,0.1345936960449179,0.064475152503915,0.325157340348365
q_efd_occlusal,21,0.6911113214577712,0.06383392119928409,0.7134349222496442,0.6418411107568938,0.7460604994140965,0.5814271097011066,0.7569163641415448
q_efd_proximal,21,0.745034623968055,0.1010805673957754,0.7942505873061798,0.7501565809410466,0.8041939266233662,0.5037421980445642,0.8321925204255533
q_depth_occlusal,21,0.7970956066797138,0.35214590284125946,1.0,0.8377696776970405,1.0,0.0,1.0
q_depth_gingival,21,0.33553442640918607,0.4480866324478244,0.0,0.0,1.0,0.0,1.0
q_ratio,21,0.3981398477454662,0.2990397771914588,0.3459783630679255,0.1815188090597045,0.4973908582288421,6.607464896385067e-06,0.9941353891649642
q_regularity_occlusal,21,0.7638091551405828,0.12791728419972925,0.7973158882474916,0.7187762021838879,0.8629836863766764,0.4165369846867341,0.88797452794675
q_regularity_proximal,21,0.7714143187686082,0.09315288989839268,0.7892153390332334,0.7640000746625001,0.8255084999796867,0.521881524877064,0.8790176472352901
points_efd_occlusal,21,1.7277783036444283,0.15958480299821018,1.7835873056241105,1.6046027768922344,1.8651512485352413,1.4535677742527664,1.892290910353862
points_efd_proximal,21,1.862586559920137,0.25270141848943856,1.9856264682654492,1.8753914523526167,2.0104848165584155,1.2593554951114103,2.080481301063883
points_depth_occlusal,21,0.7970956066797138,0.35214590284125946,1.0,0.8377696776970405,1.0,0.0,1.0
points_depth_gingival,21,0.33553442640918607,0.4480866324478244,0.0,0.0,1.0,0.0,1.0
points_ratio,21,0.7962796954909324,0.5980795543829175,0.691956726135851,0.363037618119409,0.9947817164576844,1.3214929792770132e-05,1.9882707783299285
points_regularity_occlusal,21,0.38190457757029134,0.06395864209986464,0.3986579441237458,0.3593881010919439,0.4314918431883382,0.208268492343367,0.443987263973375
points_regularity_proximal,21,0.38570715938430405,0.04657644494919633,0.3946076695166167,0.38200003733125,0.4127542499898433,0.260940762438532,0.439508823617645
ProximalDepthMedian_mm,21,3.1344586421495344,0.5996052390144374,3.2450321145487524,2.770601566686649,3.511825029546095,1.6214310426006358,4.1233592490219895
GingivalMinusPulpalDepth_mm,21,1.3216851381194243,0.7510794214592899,1.4740884119967723,0.8210352917547801,1.6407093925148482,-0.2071397896966309,3.216480757321321
ratio_source_isthmus_id,21,1.0952380952380953,0.30079260375911915,1.0,1.0,1.0,1.0,2.0
ratio_source_isthmus_width_px,21,13.456896621100297,6.5118798306225365,11.0368913153908,9.001498907674153,19.00000000063688,4.055401630538971,25.336943577473058
ratio_source_intercuspal_distance_px,21,65.55976830212539,26.968734104147636,52.952809179494906,47.042533945356304,59.6657355607052,41.593268686170845,118.53269591129698
ratio_source_match_distance_px,21,9.039700507390844,11.118040983960658,4.631909123047809,0.4176813819932476,15.821799574312625,0.0,42.63207853450505
OcclusalFloorArea_mm2,21,6.104860009499747,4.869782494654537,3.9251610570521738,3.5930448823895205,8.296837400788265,1.4051166359336684,16.332016998505487
OcclusalFloorTriangleCount,21,1638.2857142857142,1258.3926709440557,1081.0,1012.0,1873.0,340.0,4487.0
OcclusalFloorTilt_deg,21,13.35438755120672,12.266584991099458,10.169353065201433,6.905017333981339,17.079700123101,2.1770826240881056,57.00250125471547
ProximalFloorArea_mm2,21,3.6610982819507676,1.3319759352574756,4.0488922927420266,2.640041448002343,4.661528843662375,0.8665825817671129,6.319711198084954
ProximalFloorTriangleCount,21,1003.1428571428571,369.0843109256049,1034.0,755.0,1267.0,206.0,1722.0
ProximalFloorTilt_deg,21,18.43485537889521,16.835665811420707,14.781203962923886,6.695540547866017,20.767798324296344,3.284736822700389,74.54218281645281
OcclusalDepthMean_mm,21,1.802137662092827,0.3814329656428906,1.812293671522564,1.6688160867047532,1.9380030712612863,0.7178392444929232,2.738673011287213
OcclusalDepthP95_mm,21,2.29264851777613,0.3713170019991095,2.252372014517272,2.1455761328456937,2.3854622920031803,1.5922151847475945,3.330710221990952
OcclusalDepthMin_mm,21,0.9364583662731366,0.6220474343732073,1.197440989327788,0.5977774582956386,1.316325579594377,-0.5128032100431028,1.670059881870884
OcclusalDepthMax_mm,21,2.498226641577016,0.3674724186106508,2.4568757861918016,2.3533779698922217,2.6256745244750164,1.8787890940517968,3.562299618377324
OcclusalFloorResidualMeanAbs_mm,21,0.10610502593659685,0.0695875287192463,0.0708734843619701,0.0552825830782458,0.1322549621703678,0.0466966112390318,0.3023921305936115
OcclusalFloorResidualAbsP95_mm,21,0.3024691340088304,0.22901810665360656,0.2348527967808515,0.1592090911878606,0.3309977367213259,0.1117106891063923,1.1035688482314874
ProximalDepthMean_mm,21,3.09917807040246,0.6173709380990785,3.2443787743125765,2.7666356611980705,3.4477971042135334,1.5899882384591568,4.1312739841424655
ProximalDepthP95_mm,21,3.4903476715019375,0.6724758194698408,3.5567480607040136,3.0387085856793274,3.851747068808757,1.8114914604798824,5.169492091062146
ProximalDepthMin_mm,21,2.346193048100884,0.7982322089915077,2.50869354922429,2.0513661072642435,2.836681523721154,0.2984408857694234,3.785294415137969
ProximalDepthMax_mm,21,3.660646830270622,0.6876249164738443,3.721863588201586,3.222094973959315,4.000094146543802,1.9748057303661997,5.48785484761288
ProximalFloorResidualMeanAbs_mm,21,0.0988927314322919,0.044131214058702024,0.093173493651816,0.0739878394777219,0.1064169205907708,0.0458336565755675,0.2283418746457942
ProximalFloorResidualAbsP95_mm,21,0.27859784438726937,0.15491834481617994,0.2275254541062036,0.1889274933649425,0.2856494922136006,0.124494306085214,0.6942115284461883
n_isthmuses,21,1.0952380952380953,0.30079260375911915,1.0,1.0,1.0,1.0,2.0
n_cusp_centers,21,4.095238095238095,0.30079260375911915,4.0,4.0,4.0,4.0,5.0
n_pairing_cusp_centers,21,4.0,0.0,4.0,4.0,4.0,4.0,4.0
n_geometric_pairs,21,1.6666666666666667,0.7302967433402214,2.0,2.0,2.0,0.0,2.0
n_cusp_pairs,21,2.0,0.0,2.0,2.0,2.0,2.0,2.0
n_valid_combinations,21,1.4285714285714286,0.9258200997725515,1.0,1.0,1.0,1.0,4.0
isthmus_id,21,1.0952380952380953,0.30079260375911915,1.0,1.0,1.0,1.0,2.0
cusp_pair_id,21,1.380952380952381,0.49761335152811925,1.0,1.0,2.0,1.0,2.0
isthmus_width_px,21,13.456896621100297,6.5118798306225365,11.0368913153908,9.001498907674153,19.00000000063688,4.055401630538971,25.336943577473058
intercuspal_distance_px,21,65.55976830212539,26.968734104147636,52.952809179494906,47.042533945356304,59.6657355607052,41.593268686170845,118.53269591129698
ratio_intercuspal_to_isthmus,21,5.597432348653835,2.95803624582281,4.95476208738931,4.506878414077486,5.667755881925322,2.45936075807522,16.128020726659937
match_distance_px,21,9.039700507390844,11.118040983960658,4.631909123047809,0.4176813819932476,15.821799574312625,0.0,42.63207853450505
center_distance_px,21,10.392445687803512,10.888837009562415,7.090442640220025,2.1659143814942303,16.004508355641885,0.0,42.78113793397153
