case_id,Tooth,CQS_overall [max=10; min=0],CQS_overall_expert_1 [max=10; min=0],CQS_overall_expert_2 [max=10; min=0],CQS_overall_expert_3 [max=10; min=0],occlusal_average_matching_score_pct,proximal_average_matching_score_pct,OcclusalDepthMedian_mm,GingivalFromPulpalMedian_mm,ratio_isthmus_to_intercuspal,OcclusalFloorResidualRMS_mm,ProximalFloorResidualRMS_mm,q_efd_occlusal,q_efd_proximal,q_depth_occlusal,q_depth_gingival,q_ratio,q_regularity_occlusal,q_regularity_proximal,points_efd_occlusal [max=2.5; min=0],points_efd_occlusal_expert_1 [max=2.5; min=0],points_efd_occlusal_expert_2 [max=2.5; min=0],points_efd_occlusal_expert_3 [max=2.5; min=0],points_efd_proximal [max=2.5; min=0],points_efd_proximal_expert_1 [max=2.5; min=0],points_efd_proximal_expert_2 [max=2.5; min=0],points_efd_proximal_expert_3 [max=2.5; min=0],points_depth_occlusal [max=1; min=0],points_depth_occlusal_expert_1 [max=1; min=0],points_depth_occlusal_expert_2 [max=1; min=0],points_depth_occlusal_expert_3 [max=1; min=0],points_depth_gingival [max=1; min=0],points_depth_gingival_expert_1 [max=1; min=0],points_depth_gingival_expert_2 [max=1; min=0],points_depth_gingival_expert_3 [max=1; min=0],points_ratio [max=2; min=0],points_ratio_expert_1 [max=2; min=0],points_ratio_expert_2 [max=2; min=0],points_ratio_expert_3 [max=2; min=0],points_regularity_occlusal [max=0.5; min=0],points_regularity_occlusal_expert_1 [max=0.5; min=0],points_regularity_occlusal_expert_2 [max=0.5; min=0],points_regularity_occlusal_expert_3 [max=0.5; min=0],points_regularity_proximal [max=0.5; min=0],points_regularity_proximal_expert_1 [max=0.5; min=0],points_regularity_proximal_expert_2 [max=0.5; min=0],points_regularity_proximal_expert_3 [max=0.5; min=0],expert_mean,algorithm_minus_expert_mean
1,MCL2_sample_1,6.415120503,6.4,6.4,6.1,75.30953775,77.72879856,2.065440916,1.403808715,0.201183141,0.072793646,0.095877859,0.753095378,0.777287986,0.869118169,0.19238257,0.341324948,0.864514422,0.8255085,1.882738444,1.9,1.8,1.8,1.943219964,1.9,1.9,1.9,0.869118169,0.9,0.9,0.8,0.19238257,0.2,0.2,0.2,0.682649896,0.7,0.7,0.6,0.432257211,0.4,0.5,0.4,0.41275425,0.4,0.4,0.4,6.3,0.1151205029617346
2,MCL2_sample_2,6.336048346,6.3,6.1,6.5,75.59763403,79.68314536,1.817147836,1.579518928,0.197276156,0.06261135,0.129473919,0.75597634,0.796831454,1.0,0.0,0.313473512,0.882300392,0.771863284,1.889940851,2.0,1.8,2.0,1.992078634,1.9,1.9,2.0,1.0,1.0,0.9,1.0,0.0,0.0,0.0,0.0,0.626947024,0.6,0.6,0.6,0.441150196,0.4,0.5,0.5,0.385931642,0.4,0.4,0.4,6.3,0.03604834627112652
3,MCL2_sample_3,5.979035787,5.9,6.0,6.0,58.14271097,82.81807446,1.604322722,1.640709393,0.198985978,0.12149633,0.097106104,0.58142711,0.828180745,1.0,0.0,0.325567974,0.784277271,0.823483137,1.453567774,1.5,1.4,1.4,2.070451861,2.1,2.1,2.1,1.0,0.9,1.0,1.0,0.0,0.0,0.0,0.0,0.651135948,0.6,0.7,0.7,0.392138635,0.4,0.4,0.4,0.411741568,0.4,0.4,0.4,5.966666666666666,0.012369120796757116
4,MCL2_sample_4,6.423266635,6.4,6.5,6.2,58.61751713,78.03051826,1.90776934,2.215589909,0.232674346,0.08613254,0.079616775,0.586175171,0.780305183,1.0,0.0,0.579894581,0.841756011,0.852797165,1.465437928,1.5,1.5,1.5,1.950762956,1.9,2.0,1.9,1.0,1.0,1.0,0.9,0.0,0.0,0.0,0.0,1.159789162,1.2,1.2,1.1,0.420878006,0.4,0.4,0.4,0.426398583,0.4,0.4,0.4,6.366666666666667,0.05659996812558887
5,MCL2_sample_5,6.082782147,6.2,6.3,6.0,59.1445909,79.42505873,1.824533164,1.474088412,0.205042177,0.085876524,0.103413136,0.591445909,0.794250587,1.0,0.051823176,0.369521857,0.842187127,0.813160906,1.478614773,1.4,1.5,1.4,1.985626468,2.1,2.1,1.9,1.0,1.0,1.0,1.0,0.051823176,0.1,0.1,0.1,0.739043714,0.8,0.8,0.8,0.421093563,0.4,0.4,0.4,0.406580453,0.4,0.4,0.4,6.166666666666667,-0.08388451960395304
6,MCL2_sample_6,6.544720394,6.4,6.4,6.5,74.60604994,80.41939266,1.66597646,1.55044223,0.209003135,0.073679746,0.064475153,0.746060499,0.804193927,1.0,0.0,0.399041831,0.862983686,0.879017647,1.865151249,1.8,1.8,1.9,2.010484817,1.9,2.0,2.0,1.0,1.0,1.0,1.0,0.0,0.0,0.0,0.0,0.798083662,0.8,0.8,0.8,0.431491843,0.4,0.4,0.4,0.439508824,0.5,0.4,0.4,6.433333333333334,0.11138706104952956
7,MCL2_sample_7,6.058309846,6.0,5.9,5.9,73.7291447,80.86232771,1.766780563,1.85810389,0.176436675,0.084568467,0.101316687,0.737291447,0.808623277,1.0,0.0,0.181518809,0.84439327,0.816577565,1.843228618,1.7,1.8,1.9,2.021558193,2.1,1.9,1.9,1.0,1.0,1.0,1.0,0.0,0.0,0.0,0.0,0.363037618,0.4,0.4,0.3,0.422196635,0.4,0.4,0.4,0.408288782,0.4,0.4,0.4,5.933333333333334,0.12497651240029839
8,MCL2_sample_8,6.677038547,6.8,6.9,6.7,73.21220342,80.04178518,1.51928585,1.251315717,0.191348088,0.088785896,0.131963765,0.732122034,0.800417852,1.0,0.497368567,0.272827612,0.837300886,0.768029197,1.830305086,1.9,1.9,1.8,2.00104463,2.1,2.1,2.1,1.0,1.0,1.0,1.0,0.497368567,0.5,0.5,0.5,0.545655224,0.5,0.6,0.5,0.418650443,0.4,0.4,0.4,0.384014598,0.4,0.4,0.4,6.8,-0.12296145331033692
9,MCL2_sample_9,7.370195355,7.3,7.3,7.6,75.69163641,76.54963323,2.022938933,0.947820142,0.208290004,0.068197945,0.128850596,0.756916364,0.765496332,0.954122135,1.0,0.393689921,0.87249715,0.772826124,1.89229091,1.9,1.8,2.0,1.913740831,1.8,2.0,2.0,0.954122135,1.0,0.9,1.0,1.0,1.0,1.0,1.0,0.787379841,0.8,0.8,0.8,0.436248575,0.4,0.4,0.4,0.386413062,0.4,0.4,0.4,7.3999999999999995,-0.029804645495806525
10,MCL2_sample_10,6.577820762,6.6,6.7,6.7,65.00058338,83.21925204,1.572876889,2.024224182,0.221883066,0.059715482,0.070977067,0.650005834,0.83219252,1.0,0.0,0.497390858,0.88742527,0.867661051,1.625014584,1.7,1.6,1.7,2.080481301,1.9,2.1,2.1,1.0,1.0,1.0,1.0,0.0,0.0,0.0,0.0,0.994781716,1.1,1.0,1.0,0.443712635,0.5,0.5,0.5,0.433830525,0.4,0.5,0.4,6.666666666666667,-0.08884590439174112
11,MCL2_sample_11,7.800886824,7.7,7.7,8.1,74.07511461,63.48672314,2.199813116,0.56073153,0.321112747,0.165102616,0.094602719,0.740751146,0.634867231,0.600373768,1.0,0.994135389,0.718776202,0.827616465,1.851877865,1.7,1.8,2.0,1.587168078,1.7,1.6,1.7,0.600373768,0.6,0.6,0.6,1.0,1.0,1.0,1.0,1.988270778,1.9,1.9,2.0,0.359388101,0.4,0.4,0.4,0.413808232,0.4,0.4,0.4,7.833333333333333,-0.03244650971413776
12,MCL2_sample_12,5.106300336,5.3,5.0,5.2,59.21306425,75.01565809,1.828570832,-0.20713979,0.062003889,0.170398439,0.117902453,0.592130642,0.750156581,1.0,0.0,6.61e-06,0.711203355,0.789934771,1.480326606,1.6,1.4,1.6,1.875391452,1.9,1.9,1.9,1.0,1.0,1.0,1.0,0.0,0.0,0.0,0.0,1.32e-05,0.0,0.0,0.0,0.355601678,0.4,0.3,0.3,0.394967385,0.4,0.4,0.4,5.166666666666667,-0.06036633023553506
13,MCL2_sample_13,7.809748954,7.8,7.7,7.8,69.85360643,59.25979533,1.931271438,0.791870535,0.349661765,0.2494847,0.259548954,0.698536064,0.592597953,1.0,1.0,0.990403661,0.607156072,0.595057102,1.746340161,1.8,1.8,1.8,1.481494883,1.5,1.5,1.4,1.0,1.0,1.0,1.0,1.0,0.9,0.9,1.0,1.980807323,2.0,1.9,2.0,0.303578036,0.3,0.3,0.3,0.297528551,0.3,0.3,0.3,7.766666666666667,0.04308228750433596
14,MCL2_sample_14,6.627618437,6.6,6.8,6.7,67.4801954,66.27911748,2.008071821,1.503753209,0.264562103,0.318792649,0.065466344,0.674801954,0.662791175,0.983856358,0.0,0.798428618,0.528567217,0.877276823,1.687004885,1.6,1.8,1.8,1.656977937,1.7,1.6,1.7,0.983856358,1.0,1.0,0.9,0.0,0.0,0.0,0.0,1.596857236,1.6,1.6,1.6,0.264283608,0.3,0.3,0.3,0.438638412,0.4,0.5,0.4,6.699999999999999,-0.0723815631192748
15,MCL2_sample_15,5.273925482,5.1,5.2,5.2,63.03200237,79.47870131,2.774165488,0.618449724,0.131343874,0.231326964,0.185921968,0.630320024,0.794787013,0.0,1.0,0.025810865,0.629610486,0.689461834,1.575800059,1.5,1.6,1.5,1.986967533,1.9,1.9,2.0,0.0,0.0,0.0,0.0,1.0,1.0,1.0,1.0,0.05162173,0.1,0.1,0.1,0.314805243,0.3,0.3,0.3,0.344730917,0.3,0.3,0.3,5.166666666666667,0.1072588149501934
16,MCL2_sample_16,5.393480559,5.3,5.3,5.4,64.18411108,79.74280303,1.927392805,1.611109741,0.093605579,0.113252166,0.118590726,0.641841111,0.79742803,1.0,0.0,0.001112847,0.797315888,0.788848137,1.604602777,1.5,1.6,1.5,1.993570076,2.0,1.9,2.1,1.0,1.0,1.0,1.0,0.0,0.0,0.0,0.0,0.002225693,0.0,0.0,0.0,0.398657944,0.4,0.4,0.4,0.394424069,0.4,0.4,0.4,5.333333333333333,0.060147225291059314
17,MCL2_sample_17,5.173548623,5.0,5.1,5.1,70.46390811,50.3742198,1.148001944,0.821035292,0.162979023,0.157810591,0.32515734,0.704639081,0.503742198,0.296003888,1.0,0.115491467,0.729335683,0.521881525,1.761597703,1.7,1.7,1.7,1.259355495,1.2,1.2,1.3,0.296003888,0.3,0.3,0.3,1.0,0.9,1.0,1.0,0.230982934,0.2,0.2,0.2,0.364667841,0.4,0.4,0.4,0.260940762,0.3,0.3,0.2,5.066666666666666,0.1068819565361121
18,MCL2_sample_18,5.036565929,5.1,5.1,4.9,71.34349222,77.04197302,2.401118128,0.152324321,0.170534025,0.437890011,0.230611959,0.713434922,0.77041973,0.197763745,0.304648642,0.15049634,0.416536985,0.630511479,1.783587306,1.8,1.8,1.7,1.926049326,2.0,2.0,1.9,0.197763745,0.2,0.2,0.2,0.304648642,0.3,0.3,0.3,0.30099268,0.3,0.3,0.3,0.208268492,0.2,0.2,0.2,0.315255739,0.3,0.3,0.3,5.033333333333333,0.0032325961586483487
19,MCL2_sample_19,5.596339264,5.8,5.6,5.4,74.74039006,51.24549289,0.731105224,3.216480757,0.406609724,0.148647644,0.134593696,0.747403901,0.512454929,0.0,0.0,0.846639918,0.742824633,0.764000075,1.868509752,1.9,1.9,1.8,1.281137322,1.3,1.3,1.2,0.0,0.0,0.0,0.0,0.0,0.0,0.0,0.0,1.693279836,1.8,1.6,1.6,0.371412316,0.4,0.4,0.4,0.382000037,0.4,0.4,0.4,5.599999999999999,-0.0036607360880038797
20,MCL2_sample_20,7.570249981,7.3,7.6,7.5,75.32934816,81.56724321,1.932775279,0.992984101,0.211538462,0.059406111,0.153961051,0.753293482,0.815672432,1.0,1.0,0.418180824,0.887974528,0.734972568,1.883233704,1.8,1.8,1.8,2.03918108,2.0,2.0,2.0,1.0,0.9,1.0,1.0,1.0,0.9,1.0,1.0,0.836361649,0.9,0.9,0.9,0.443987264,0.4,0.5,0.5,0.367486284,0.4,0.4,0.3,7.466666666666666,0.1035833142934397
21,MCL2_sample_21,6.1716102,6.0,6.3,6.2,72.56693372,82.30299684,1.418884839,1.748166964,0.201826038,0.143137714,0.118358034,0.725669337,0.823029968,0.837769678,0.0,0.345978363,0.751055725,0.789215339,1.814173343,1.8,1.8,1.9,2.057574921,1.9,2.2,2.0,0.837769678,0.8,0.8,0.8,0.0,0.0,0.0,0.0,0.691956726,0.7,0.7,0.7,0.375527863,0.4,0.4,0.4,0.39460767,0.4,0.4,0.4,6.166666666666667,0.004943533365489472
